{"t0": -0.5779813239350915, "t1": -0.15148619717795458}