{"t0": 0.939318224315678, "t1": -1.0035738811860486, "ngd": false}