{"t0": 8499.599649933216, "t1": -0.0214489635917023}